{
  "overall": {
    "sbp": {
      "mean": 126.25582485798263,
      "std": 18.041382084489573,
      "median": 126.79971355147636,
      "min": 74.2304653282685,
      "max": 181.5105750809624,
      "q25": 113.92530328605541,
      "q75": 138.59730995613575,
      "iqr": 24.672006670080336
    },
    "dbp": {
      "mean": 75.37454800046102,
      "std": 10.882513982365653,
      "median": 75.15760963653656,
      "min": 34.231862385117,
      "max": 110.43510970396478,
      "q25": 68.31356950933409,
      "q75": 82.574503210176,
      "iqr": 14.260933700841917
    },
    "pulse_pressure": {
      "mean": 50.88127685752162,
      "std": 19.244153717871942
    },
    "age": {
      "mean": 50.2,
      "std": 17.372904702951022,
      "min": 20.0,
      "max": 79.0
    },
    "n_samples": 1000
  },
  "age_stratified": {
    "40-60": {
      "n": 359,
      "sbp_mean": 126.71455232000606,
      "sbp_std": 16.625173912488528,
      "dbp_mean": 75.63823845504088,
      "dbp_std": 9.385333642487026
    },
    "60-120": {
      "n": 321,
      "sbp_mean": 135.87377696719255,
      "sbp_std": 15.7044313329968,
      "dbp_mean": 80.8718170966729,
      "dbp_std": 10.174160891974273
    },
    "0-40": {
      "n": 320,
      "sbp_mean": 116.09318177697382,
      "sbp_std": 16.27310979074447,
      "dbp_mean": 69.56427220959169,
      "dbp_std": 10.189974425812565
    }
  },
  "noise_parameters": {
    "sbp_noise_std": 5.0,
    "sbp_noise_fraction": 0.20265882977664254,
    "dbp_noise_std": 3.0,
    "dbp_noise_fraction": 0.21036490758125395
  }
}